"","created_at","mean_senti"
"1",2009-01-15,0.8
"2",2009-02-22,0.6
"3",2009-03-08,0.8
"4",2009-04-11,0
"5",2009-04-13,0.75
"6",2009-04-14,0
"7",2009-04-16,-0.5
"8",2009-04-28,1
"9",2009-05-31,0
"10",2009-06-17,0
"11",2009-06-24,1.1
"12",2009-07-11,-0.25
"13",2009-07-28,0.75
"14",2009-07-30,0
"15",2009-08-01,1.25
"16",2009-08-04,0
"17",2009-08-20,1.35
"18",2009-08-30,0.7
"19",2009-09-02,0.8
"20",2009-09-07,0.383333333333333
"21",2009-09-09,0
"22",2009-09-10,0
"23",2009-09-30,0
"24",2009-10-07,0.75
"25",2009-10-25,0.75
"26",2009-10-30,0
"27",2009-11-20,0.6
"28",2009-11-30,-0.0833333333333333
"29",2009-12-26,-0.257142857142857
"30",2009-12-30,0.5
"31",2009-12-31,0.5
"32",2010-01-05,0.75
"33",2010-01-12,-0.25
"34",2010-01-16,0
"35",2010-01-31,1.85
"36",2010-02-07,0.4
"37",2010-02-23,1.3
"38",2010-03-07,-0.575
"39",2010-03-08,0.7
"40",2010-03-29,0
"41",2010-04-10,0
"42",2010-04-23,-0.25
"43",2010-05-07,-0.25
"44",2010-05-10,0.8
"45",2010-05-14,0
"46",2010-05-27,1.1
"47",2010-06-04,0.45
"48",2010-06-06,0
"49",2010-06-11,1.05
"50",2010-06-13,-0.25
"51",2010-06-14,-0.65
"52",2010-07-07,1.4
"53",2010-07-09,0.25
"54",2010-07-20,0.8
"55",2010-08-03,0.5
"56",2010-08-05,1.7
"57",2010-08-18,0
"58",2010-08-19,1
"59",2010-08-24,0
"60",2010-08-31,0.85
"61",2010-09-07,0
"62",2010-09-12,0.55
"63",2010-09-14,-0.65
"64",2010-09-18,0
"65",2010-09-20,2.1
"66",2010-09-23,0.15
"67",2010-09-29,0
"68",2010-10-03,0.75
"69",2010-10-15,0
"70",2010-10-16,1.25
"71",2010-10-25,1.1
"72",2010-11-04,-0.5
"73",2010-11-13,0
"74",2010-11-24,0
"75",2010-11-25,0.433333333333333
"76",2010-11-30,0
"77",2010-12-02,0
"78",2010-12-04,0
"79",2010-12-06,-0.875
"80",2010-12-07,0.6
"81",2010-12-24,0.8
"82",2010-12-26,0
"83",2010-12-31,0.25
"84",2011-01-01,0
"85",2011-01-13,0.4
"86",2011-01-15,0
"87",2011-01-18,-0.5
"88",2011-01-20,0.5
"89",2011-01-29,0
"90",2011-02-02,0.8
"91",2011-02-04,0
"92",2011-02-12,0
"93",2011-02-17,0
"94",2011-02-24,0.05
"95",2011-03-01,0.65
"96",2011-03-05,0.1
"97",2011-03-06,1.5
"98",2011-03-07,1
"99",2011-03-17,0.4
"100",2011-03-20,0.8
"101",2011-03-31,0.5
"102",2011-04-10,0
"103",2011-04-14,0
"104",2011-04-15,0
"105",2011-04-16,0.25
"106",2011-04-19,0.25
"107",2011-04-20,0.05
"108",2011-04-22,0
"109",2011-04-23,0.166666666666667
"110",2011-04-26,0
"111",2011-04-29,0.25
"112",2011-04-30,0.5
"113",2011-05-01,1.25
"114",2011-05-02,0.8
"115",2011-05-04,-0.21
"116",2011-05-05,-0.25
"117",2011-05-07,0
"118",2011-05-09,-0.25
"119",2011-05-11,-0.6
"120",2011-05-15,-1.25
"121",2011-05-23,0.75
"122",2011-05-26,1.35
"123",2011-05-30,2.05
"124",2011-06-01,0.1375
"125",2011-06-12,0.6
"126",2011-06-14,1.2
"127",2011-06-16,0.6
"128",2011-06-18,0.6
"129",2011-06-24,0.425
"130",2011-06-27,0
"131",2011-07-06,0.6
"132",2011-07-11,0.533333333333333
"133",2011-07-13,1.25
"134",2011-07-19,0.6
"135",2011-07-20,1.75
"136",2011-07-21,0.725
"137",2011-07-22,0.3
"138",2011-07-25,0.6
"139",2011-07-28,0.9
"140",2011-07-29,0.125
"141",2011-07-31,0
"142",2011-08-02,0.55
"143",2011-08-03,0.75
"144",2011-08-06,1.55
"145",2011-08-07,0
"146",2011-08-08,-0.05
"147",2011-08-09,-0.5
"148",2011-08-12,0
"149",2011-08-14,0.4
"150",2011-08-15,1.1
"151",2011-08-16,0
"152",2011-08-17,0.75
"153",2011-08-19,0.5
"154",2011-08-22,0.25
"155",2011-08-30,0.25
"156",2011-09-08,0
"157",2011-09-09,1.15
"158",2011-09-11,0.25
"159",2011-09-18,0
"160",2011-09-23,0.35
"161",2011-09-25,0
"162",2011-10-01,0.5
"163",2011-10-02,2
"164",2011-10-03,0
"165",2011-10-04,0.383333333333333
"166",2011-10-05,0.8
"167",2011-10-08,0
"168",2011-10-09,0.8
"169",2011-10-12,-0.25
"170",2011-10-15,0.5
"171",2011-10-17,0
"172",2011-10-22,0.25
"173",2011-10-24,0.975
"174",2011-10-31,0.65
"175",2011-11-02,0.75
"176",2011-11-04,-0.1
"177",2011-11-10,0.25
"178",2011-11-12,0.4
"179",2011-11-15,0.25
"180",2011-11-16,0.9
"181",2011-11-17,0.05
"182",2011-11-19,0
"183",2011-11-21,0
"184",2011-11-22,0.7
"185",2011-11-25,0
"186",2011-11-26,0
"187",2011-11-29,0
"188",2011-12-02,0.6
"189",2011-12-04,0.5
"190",2011-12-06,0
"191",2011-12-12,0
"192",2011-12-16,-0.5
"193",2011-12-17,0
"194",2011-12-18,0.875
"195",2011-12-20,1.4
"196",2011-12-21,0.5
"197",2011-12-25,0
"198",2011-12-28,0.183333333333333
"199",2011-12-29,0
"200",2011-12-30,0
"201",2012-01-01,-0.25
"202",2012-01-10,0
"203",2012-01-15,0
"204",2012-01-17,-1
"205",2012-01-20,0
"206",2012-01-26,0.5
"207",2012-01-29,0
"208",2012-01-30,0.4
"209",2012-02-03,0.55
"210",2012-02-10,0
"211",2012-02-12,0
"212",2012-02-16,-0.2
"213",2012-02-17,1.25
"214",2012-02-18,2.3
"215",2012-02-19,0.55
"216",2012-02-20,0
"217",2012-02-24,1.3
"218",2012-02-26,0.35
"219",2012-02-27,0
"220",2012-02-29,0
"221",2012-03-02,0.125
"222",2012-03-03,0.75
"223",2012-03-05,0.6
"224",2012-03-06,-0.25
"225",2012-03-08,1.2
"226",2012-03-09,0.5
"227",2012-03-10,0
"228",2012-03-12,0.5
"229",2012-03-13,0.125
"230",2012-03-16,0
"231",2012-03-17,0
"232",2012-03-18,0
"233",2012-03-26,0
"234",2012-03-27,0.875
"235",2012-03-28,1.15
"236",2012-03-29,0.225
"237",2012-03-30,0.75
"238",2012-04-01,-0.4
"239",2012-04-03,-0.15
"240",2012-04-04,0.175
"241",2012-04-07,0
"242",2012-04-09,-0.4
"243",2012-04-11,-1
"244",2012-04-12,0
"245",2012-04-14,0.3
"246",2012-04-15,-0.325
"247",2012-04-17,0
"248",2012-04-21,0.5
"249",2012-04-22,0
"250",2012-04-23,0
"251",2012-04-24,-0.5
"252",2012-04-25,-0.05
"253",2012-04-26,0
"254",2012-04-27,0
"255",2012-04-28,0.35
"256",2012-04-29,0.225
"257",2012-05-02,0
"258",2012-05-03,-0.428571428571429
"259",2012-05-04,-0.277777777777778
"260",2012-05-05,-0.5
"261",2012-05-07,0
"262",2012-05-08,0
"263",2012-05-10,0
"264",2012-05-12,-0.5
"265",2012-05-13,1.25
"266",2012-05-15,0.45
"267",2012-05-17,0.35
"268",2012-05-18,1
"269",2012-05-20,0
"270",2012-05-21,0
"271",2012-05-22,0.75
"272",2012-05-26,1.10909090909091
"273",2012-05-27,0.75
"274",2012-05-28,-0.5
"275",2012-05-29,0
"276",2012-05-31,0
"277",2012-06-04,0
"278",2012-06-05,0
"279",2012-06-06,0
"280",2012-06-07,0.5
"281",2012-06-10,1.975
"282",2012-06-11,-0.25
"283",2012-06-13,0.45
"284",2012-06-19,0.8
"285",2012-06-21,-0.3
"286",2012-06-22,0.2
"287",2012-06-23,0.3
"288",2012-06-24,-0.675
"289",2012-06-26,0
"290",2012-06-28,0
"291",2012-06-29,0.4
"292",2012-06-30,0.783333333333333
"293",2012-07-03,0
"294",2012-07-04,0.5
"295",2012-07-05,0.4
"296",2012-07-08,0
"297",2012-07-10,0.25
"298",2012-07-12,-0.2
"299",2012-07-13,0.15
"300",2012-07-14,0.25
"301",2012-07-15,0
"302",2012-07-18,0.25
"303",2012-07-22,-0.333333333333333
"304",2012-07-23,-0.25
"305",2012-07-24,-0.25
"306",2012-07-25,0.0357142857142857
"307",2012-07-26,0
"308",2012-07-27,0.6
"309",2012-07-28,0
"310",2012-08-02,1
"311",2012-08-07,0.75
"312",2012-08-09,0
"313",2012-08-12,0
"314",2012-08-13,0.5
"315",2012-08-14,0.5
"316",2012-08-16,0.375
"317",2012-08-17,0.25
"318",2012-08-18,1.55
"319",2012-08-19,0
"320",2012-08-23,0.5
"321",2012-08-26,0
"322",2012-08-27,0.5
"323",2012-08-29,0
"324",2012-09-01,0
"325",2012-09-03,-0.2
"326",2012-09-07,1.1
"327",2012-09-08,0.683333333333333
"328",2012-09-09,0.675
"329",2012-09-11,0.5
"330",2012-09-12,-1.25
"331",2012-09-14,0.1375
"332",2012-09-17,0
"333",2012-09-19,-0.25
"334",2012-09-21,0
"335",2012-09-26,-0.5
"336",2012-09-28,0
"337",2012-09-30,0
"338",2012-10-04,0
"339",2012-10-06,0.75
"340",2012-10-12,0.3
"341",2012-10-13,0.375
"342",2012-10-16,0.4
"343",2012-10-18,0
"344",2012-10-19,1.3
"345",2012-10-22,0
"346",2012-10-23,0
"347",2012-10-28,-0.4
"348",2012-10-29,0.75
"349",2012-10-30,1
"350",2012-11-02,2.1
"351",2012-11-04,0
"352",2012-11-05,0
"353",2012-11-07,0
"354",2012-11-13,0.8
"355",2012-11-14,0.9
"356",2012-11-15,0.85
"357",2012-11-16,0.25
"358",2012-11-17,1.6
"359",2012-11-18,0.6875
"360",2012-11-20,0.5
"361",2012-11-22,0
"362",2012-11-23,-0.625
"363",2012-11-24,0
"364",2012-11-25,-0.3
"365",2012-11-26,0
"366",2012-11-27,0.25
"367",2012-11-28,0
"368",2012-11-30,-0.2
"369",2012-12-01,0
"370",2012-12-02,-0.75
"371",2012-12-05,0
"372",2012-12-07,0
"373",2012-12-08,-0.25
"374",2012-12-09,-0.625
"375",2012-12-10,0
"376",2012-12-12,0.5
"377",2012-12-16,0.4
"378",2012-12-18,0
"379",2012-12-21,-0.75
"380",2012-12-23,0
"381",2012-12-24,0.55
"382",2012-12-26,0.5
"383",2012-12-31,0.225
"384",2013-01-01,-0.385714285714286
"385",2013-01-02,-0.5
"386",2013-01-07,0
"387",2013-01-08,0
"388",2013-01-09,0.25
"389",2013-01-10,-0.25
"390",2013-01-12,-0.25
"391",2013-01-13,0
"392",2013-01-14,0
"393",2013-01-15,0
"394",2013-01-18,-0.25
"395",2013-01-20,0.65
"396",2013-01-22,-0.0833333333333334
"397",2013-01-23,-0.1875
"398",2013-01-24,-0.25
"399",2013-01-26,0.475
"400",2013-01-27,-0.1875
"401",2013-01-29,-0.75
"402",2013-02-02,0
"403",2013-02-03,0
"404",2013-02-04,0
"405",2013-02-07,0.125
"406",2013-02-08,-0.21875
"407",2013-02-15,0.15
"408",2013-02-16,0.8
"409",2013-02-17,0
"410",2013-02-18,0.6
"411",2013-02-25,0
"412",2013-03-02,1.6
"413",2013-03-03,0.75
"414",2013-03-04,0.05
"415",2013-03-07,0
"416",2013-03-09,1.8
"417",2013-03-12,0
"418",2013-03-14,0.6
"419",2013-03-15,-0.675
"420",2013-03-20,-1.375
"421",2013-03-21,-2.55
"422",2013-03-24,-0.575
"423",2013-03-27,-0.25
"424",2013-03-28,0
"425",2013-03-29,0.6
"426",2013-03-30,0
"427",2013-04-01,0.75
"428",2013-04-02,-0.4
"429",2013-04-05,-0.05
"430",2013-04-06,0.75
"431",2013-04-07,1
"432",2013-04-09,0.642857142857143
"433",2013-04-10,0.666666666666667
"434",2013-04-11,0.25
"435",2013-04-12,0
"436",2013-04-13,0
"437",2013-04-15,-0.125
"438",2013-04-16,0.2
"439",2013-04-17,0.225
"440",2013-04-22,0.75
"441",2013-04-24,0
"442",2013-04-26,0.75
"443",2013-04-28,0
"444",2013-04-29,0.9
"445",2013-05-01,-0.325
"446",2013-05-02,0.5
"447",2013-05-04,0.875
"448",2013-05-05,0.575
"449",2013-05-06,1
"450",2013-05-07,0
"451",2013-05-09,0.875
"452",2013-05-10,0
"453",2013-05-11,0.9
"454",2013-05-13,-0.25
"455",2013-05-16,1
"456",2013-05-17,0.25
"457",2013-05-18,0.75
"458",2013-05-19,0.375
"459",2013-05-20,1.3
"460",2013-05-21,0
"461",2013-05-22,0.5
"462",2013-05-23,0.55
"463",2013-05-24,0
"464",2013-05-26,1.2
"465",2013-05-27,0.2
"466",2013-05-29,0.3
"467",2013-06-01,0
"468",2013-06-02,0.6125
"469",2013-06-03,1.95
"470",2013-06-04,0.6
"471",2013-06-05,-0.583333333333333
"472",2013-06-06,0
"473",2013-06-09,-1.8
"474",2013-06-11,-0.0184210526315789
"475",2013-06-12,0.025
"476",2013-06-13,0.0714285714285714
"477",2013-06-14,-0.125
"478",2013-06-15,0
"479",2013-06-16,0.5
"480",2013-06-18,0.5
"481",2013-06-20,0.5
"482",2013-06-22,0.75
"483",2013-06-23,0.4875
"484",2013-06-25,-0.0166666666666667
"485",2013-06-26,0
"486",2013-06-27,0.1
"487",2013-06-30,0.7875
"488",2013-07-03,0.6
"489",2013-07-04,2.3
"490",2013-07-05,0.616666666666667
"491",2013-07-06,0.25
"492",2013-07-07,0
"493",2013-07-08,0
"494",2013-07-10,1
"495",2013-07-11,-0.15
"496",2013-07-12,0
"497",2013-07-15,0.375
"498",2013-07-17,0.916666666666667
"499",2013-07-18,0.75
"500",2013-07-19,0.75
"501",2013-07-20,0.5
"502",2013-07-22,0.5
"503",2013-07-25,0.75
"504",2013-07-27,-0.65
"505",2013-07-28,0.25
"506",2013-07-29,0.733333333333333
"507",2013-07-30,0.275
"508",2013-07-31,0.125
"509",2013-08-02,0.3
"510",2013-08-04,0
"511",2013-08-05,0.25
"512",2013-08-06,0
"513",2013-08-08,0.5
"514",2013-08-11,0.5
"515",2013-08-13,1
"516",2013-08-15,0
"517",2013-08-16,-0.25
"518",2013-08-17,0
"519",2013-08-18,0.375
"520",2013-08-20,0.4
"521",2013-08-22,1.25
"522",2013-08-23,0
"523",2013-08-24,-0.15
"524",2013-08-25,0.45
"525",2013-08-26,0.875
"526",2013-08-27,-0.0499999999999999
"527",2013-08-28,0.533333333333333
"528",2013-08-29,0.333333333333333
"529",2013-08-30,0.3875
"530",2013-08-31,0.75
"531",2013-09-01,0.4
"532",2013-09-02,0.0419354838709677
"533",2013-09-05,0.05
"534",2013-09-06,0.15
"535",2013-09-07,0.1
"536",2013-09-08,-0.5
"537",2013-09-11,0
"538",2013-09-13,0.375
"539",2013-09-15,0
"540",2013-09-16,-0.375
"541",2013-09-18,0
"542",2013-09-19,0.75
"543",2013-09-20,0
"544",2013-09-22,0.933333333333333
"545",2013-09-24,0
"546",2013-09-26,2.325
"547",2013-09-29,1
"548",2013-09-30,1.3
"549",2013-10-02,0.6
"550",2013-10-06,-0.125
"551",2013-10-07,-0.0833333333333333
"552",2013-10-08,0.25
"553",2013-10-10,-0.25
"554",2013-10-14,0
"555",2013-10-17,1.6
"556",2013-10-21,-0.475
"557",2013-10-23,0.5
"558",2013-10-24,0
"559",2013-10-25,0.25
"560",2013-10-27,0
"561",2013-10-30,0.75
"562",2013-11-04,-0.1
"563",2013-11-05,0.3
"564",2013-11-08,0.12
"565",2013-11-09,0.8
"566",2013-11-12,0.6
"567",2013-11-14,-0.65
"568",2013-11-15,1.55
"569",2013-11-17,0
"570",2013-11-18,0.75
"571",2013-11-20,0.6
"572",2013-11-22,0.25
"573",2013-11-25,0.8
"574",2013-11-26,0.625
"575",2013-11-27,-1.1
"576",2013-11-30,1.55
"577",2013-12-01,0
"578",2013-12-04,0.75
"579",2013-12-11,1.25
"580",2013-12-13,0.478571428571429
"581",2013-12-19,0
"582",2013-12-24,0.183333333333333
"583",2013-12-27,-0.125
"584",2013-12-29,0
"585",2014-01-02,1.5
"586",2014-01-03,0.8
"587",2014-01-05,0.75
"588",2014-01-09,0
"589",2014-01-10,0
"590",2014-01-12,-0.2
"591",2014-01-13,1.3
"592",2014-01-16,0
"593",2014-01-21,-0.5
"594",2014-01-23,0.55
"595",2014-01-24,1.15
"596",2014-01-25,0.0824324324324324
"597",2014-01-26,-0.258333333333333
"598",2014-01-27,-0.06875
"599",2014-01-28,0.466666666666667
"600",2014-01-29,0
"601",2014-01-30,-0.05
"602",2014-01-31,0.25
"603",2014-02-01,0.357142857142857
"604",2014-02-02,-0.2875
"605",2014-02-03,0
"606",2014-02-04,0.4
"607",2014-02-05,0
"608",2014-02-06,0
"609",2014-02-07,-0.118571428571429
"610",2014-02-08,-0.186363636363636
"611",2014-02-09,-0.0857142857142857
"612",2014-02-10,-0.208333333333333
"613",2014-02-11,0
"614",2014-02-12,0.45
"615",2014-02-13,0.1
"616",2014-02-14,0
"617",2014-02-15,-0.35
"618",2014-02-16,0.75
"619",2014-02-17,-0.25
"620",2014-02-19,0.8
"621",2014-02-20,-0.266666666666667
"622",2014-02-22,0
"623",2014-02-23,0
"624",2014-02-24,0
"625",2014-02-25,0
"626",2014-02-26,0.566666666666667
"627",2014-02-27,0.275
"628",2014-02-28,0.75
"629",2014-03-01,0.25
"630",2014-03-02,0.5
"631",2014-03-03,-0.25
"632",2014-03-07,0.5
"633",2014-03-08,0
"634",2014-03-09,0.5
"635",2014-03-11,0.25
"636",2014-03-13,0
"637",2014-03-14,0.275
"638",2014-03-15,-0.0625
"639",2014-03-16,0.5
"640",2014-03-17,0.0285714285714286
"641",2014-03-20,0.05
"642",2014-03-21,0
"643",2014-03-23,0
"644",2014-03-24,0.75
"645",2014-03-25,0.213636363636364
"646",2014-03-26,0
"647",2014-03-28,1.15
"648",2014-03-29,0.416666666666667
"649",2014-03-30,-0.75
"650",2014-04-01,0
"651",2014-04-02,0.4
"652",2014-04-03,0.166666666666667
"653",2014-04-04,-1.1
"654",2014-04-05,0
"655",2014-04-06,0.75
"656",2014-04-07,-0.425
"657",2014-04-08,0.075
"658",2014-04-10,0
"659",2014-04-11,-0.25
"660",2014-04-13,-0.366666666666667
"661",2014-04-16,0.25
"662",2014-04-17,0
"663",2014-04-18,0.8
"664",2014-04-19,1.15
"665",2014-04-20,0.375
"666",2014-04-23,0.0666666666666667
"667",2014-04-24,-0.1
"668",2014-04-25,0.03125
"669",2014-04-26,-0.03125
"670",2014-04-28,-0.125
"671",2014-04-30,-0.75
"672",2014-05-01,-0.375
"673",2014-05-02,0.375
"674",2014-05-03,0.275
"675",2014-05-04,-0.4
"676",2014-05-06,0
"677",2014-05-07,-0.5
"678",2014-05-08,-0.321428571428571
"679",2014-05-09,1.35
"680",2014-05-12,0.5
"681",2014-05-13,1.35
"682",2014-05-15,-0.75
"683",2014-05-17,0.675
"684",2014-05-18,0
"685",2014-05-20,0.0571428571428571
"686",2014-05-21,-0.5
"687",2014-05-24,-0.65
"688",2014-05-25,0.15
"689",2014-05-26,0.5
"690",2014-05-30,-0.49375
"691",2014-05-31,-1
"692",2014-06-01,0.15
"693",2014-06-04,0
"694",2014-06-06,0.0428571428571429
"695",2014-06-07,0
"696",2014-06-08,0
"697",2014-06-09,0
"698",2014-06-10,0
"699",2014-06-11,0
"700",2014-06-12,0
"701",2014-06-15,-0.125
"702",2014-06-16,-0.6
"703",2014-06-17,0.225
"704",2014-06-18,0.05
"705",2014-06-20,0.0333333333333333
"706",2014-06-21,-0.03125
"707",2014-06-22,-0.25
"708",2014-06-24,0
"709",2014-06-25,0.0833333333333333
"710",2014-06-27,0.175
"711",2014-06-28,0
"712",2014-06-29,0.35
"713",2014-06-30,0.36
"714",2014-07-01,-0.19
"715",2014-07-02,0.6
"716",2014-07-03,-0.925
"717",2014-07-05,-0.125
"718",2014-07-06,0.05
"719",2014-07-07,0.12
"720",2014-07-08,0.2
"721",2014-07-09,0.2875
"722",2014-07-10,0
"723",2014-07-12,0
"724",2014-07-13,0.16
"725",2014-07-14,0.22
"726",2014-07-15,-0.166666666666667
"727",2014-07-17,0.05
"728",2014-07-18,-0.125
"729",2014-07-19,0.55
"730",2014-07-20,0.6
"731",2014-07-21,-0.375
"732",2014-07-23,-0.25
"733",2014-07-24,0
"734",2014-07-25,0.325
"735",2014-07-26,0
"736",2014-07-27,0
"737",2014-07-29,0.8
"738",2014-07-30,0
"739",2014-08-01,-1.1
"740",2014-08-03,-0.25
"741",2014-08-04,1.6
"742",2014-08-06,0.55
"743",2014-08-07,0.142307692307692
"744",2014-08-09,0.375
"745",2014-08-10,0.5
"746",2014-08-12,-0.125
"747",2014-08-13,0
"748",2014-08-14,-0.21875
"749",2014-08-15,0.75
"750",2014-08-16,0
"751",2014-08-17,0
"752",2014-08-18,-0.0208333333333333
"753",2014-08-19,0.275
"754",2014-08-20,0.161111111111111
"755",2014-08-21,0.05
"756",2014-08-22,0
"757",2014-08-23,0.02
"758",2014-08-24,0.025
"759",2014-08-25,0
"760",2014-08-26,0
"761",2014-08-27,0
"762",2014-08-28,0.133333333333333
"763",2014-08-29,0
"764",2014-08-31,0
"765",2014-09-01,-0.109375
"766",2014-09-02,0.05
"767",2014-09-03,0
"768",2014-09-05,0
"769",2014-09-06,-0.2
"770",2014-09-07,0
"771",2014-09-08,0
"772",2014-09-11,0
"773",2014-09-14,0.925
"774",2014-09-15,-0.5
"775",2014-09-16,-0.226666666666667
"776",2014-09-18,0
"777",2014-09-19,0.24
"778",2014-09-20,-0.025
"779",2014-09-21,0.466666666666667
"780",2014-09-22,0
"781",2014-09-23,0.0833333333333333
"782",2014-09-24,0
"783",2014-09-25,-0.133333333333333
"784",2014-09-26,-0.125
"785",2014-09-27,0.1
"786",2014-09-28,0.825
"787",2014-09-30,-0.25
"788",2014-10-03,0.75
"789",2014-10-04,-0.45
"790",2014-10-05,-0.311111111111111
"791",2014-10-06,-0.125
"792",2014-10-07,0
"793",2014-10-08,-0.0136363636363636
"794",2014-10-09,0.2125
"795",2014-10-10,0.285714285714286
"796",2014-10-11,-1.075
"797",2014-10-12,0
"798",2014-10-13,-0.375
"799",2014-10-14,1.1375
"800",2014-10-15,0.0384615384615384
"801",2014-10-16,-0.65
"802",2014-10-18,-0.2
"803",2014-10-19,-0.65
"804",2014-10-21,0.85
"805",2014-10-22,0.0166666666666667
"806",2014-10-23,-0.177777777777778
"807",2014-10-24,-0.0590909090909091
"808",2014-10-25,0.0153846153846154
"809",2014-10-26,0.75
"810",2014-10-27,-0.1
"811",2014-10-28,0
"812",2014-10-29,0.25
"813",2014-10-30,-0.2
"814",2014-10-31,-0.216666666666667
"815",2014-11-01,0
"816",2014-11-03,-0.383333333333333
"817",2014-11-04,0.75
"818",2014-11-06,-0.75
"819",2014-11-07,0.1875
"820",2014-11-08,-0.245454545454545
"821",2014-11-09,0.5
"822",2014-11-10,0
"823",2014-11-11,0.0388888888888889
"824",2014-11-12,0
"825",2014-11-13,0
"826",2014-11-14,0
"827",2014-11-16,0
"828",2014-11-17,0
"829",2014-11-18,0
"830",2014-11-19,0.0857142857142857
"831",2014-11-20,0.366666666666667
"832",2014-11-21,0.12
"833",2014-11-22,0.5
"834",2014-11-23,-0.613636363636364
"835",2014-11-24,0
"836",2014-11-25,0
"837",2014-11-26,0.0111111111111111
"838",2014-11-27,0.0666666666666667
"839",2014-11-28,0
"840",2014-11-29,0
"841",2014-11-30,0.3
"842",2014-12-01,0
"843",2014-12-02,-0.775
"844",2014-12-03,-0.757142857142857
"845",2014-12-04,-0.2
"846",2014-12-05,0.08
"847",2014-12-06,0
"848",2014-12-07,0
"849",2014-12-08,0.34
"850",2014-12-09,0.4
"851",2014-12-10,0.09375
"852",2014-12-11,0
"853",2014-12-14,0
"854",2014-12-16,1
"855",2014-12-17,0
"856",2014-12-21,-1.2
"857",2014-12-28,-0.075
"858",2014-12-31,0.42
"859",2015-01-02,0
"860",2015-01-04,0
"861",2015-01-05,0
"862",2015-01-06,0.75
"863",2015-01-08,-0.5
"864",2015-01-10,0
"865",2015-01-11,0
"866",2015-01-15,0
"867",2015-01-19,0.25
"868",2015-01-25,0.35
"869",2015-01-26,0
"870",2015-01-27,0.775
"871",2015-01-29,0.5
"872",2015-01-30,0
"873",2015-02-01,0
"874",2015-02-02,0
"875",2015-02-04,-0.25
"876",2015-02-05,0
"877",2015-02-08,0.9
"878",2015-02-10,0
"879",2015-02-17,0.2
"880",2015-02-18,0.1
"881",2015-02-19,1
"882",2015-02-20,0.175
"883",2015-02-22,0.3
"884",2015-02-23,0
"885",2015-02-24,0
"886",2015-02-25,0
"887",2015-02-27,0.2
"888",2015-02-28,0
"889",2015-03-01,0
"890",2015-03-02,-0.166666666666667
"891",2015-03-05,1
"892",2015-03-06,0
"893",2015-03-07,0
"894",2015-03-08,0
"895",2015-03-09,0.05
"896",2015-03-10,-0.166666666666667
"897",2015-03-11,0.48
"898",2015-03-12,0
"899",2015-03-13,0.05
"900",2015-03-14,1.15
"901",2015-03-15,1.5
"902",2015-03-17,0.25
"903",2015-03-18,0.0625
"904",2015-03-19,-0.144444444444444
"905",2015-03-20,0.29
"906",2015-03-21,0
"907",2015-03-23,0.1
"908",2015-03-24,0
"909",2015-03-25,0.3
"910",2015-03-26,0.04
"911",2015-03-27,0
"912",2015-03-29,0
"913",2015-03-30,0
"914",2015-03-31,0.1
"915",2015-04-01,0.2
"916",2015-04-02,0
"917",2015-04-03,0
"918",2015-04-04,0.08
"919",2015-04-05,0.1
"920",2015-04-06,0
"921",2015-04-07,0
"922",2015-04-08,0.02
"923",2015-04-09,0.225
"924",2015-04-11,0
"925",2015-04-12,-0.0416666666666667
"926",2015-04-13,0.163636363636364
"927",2015-04-14,0
"928",2015-04-15,0
"929",2015-04-16,0.025
"930",2015-04-17,0
"931",2015-04-18,0.5
"932",2015-04-19,0
"933",2015-04-20,0
"934",2015-04-22,-0.33125
"935",2015-04-23,-0.125
"936",2015-04-24,0.3625
"937",2015-04-25,-0.133333333333333
"938",2015-04-26,0.266666666666667
"939",2015-04-27,-0.0928571428571429
"940",2015-04-28,0.3
"941",2015-04-29,1.05
"942",2015-04-30,0.5
"943",2015-05-01,0
"944",2015-05-02,0.5625
"945",2015-05-03,0.3875
"946",2015-05-04,0.9
"947",2015-05-05,0.172222222222222
"948",2015-05-06,0
"949",2015-05-07,-0.2
"950",2015-05-08,0
"951",2015-05-09,0.05
"952",2015-05-10,0.2
"953",2015-05-11,0.466666666666667
"954",2015-05-12,-0.65
"955",2015-05-13,0.53
"956",2015-05-15,-0.375
"957",2015-05-16,1.175
"958",2015-05-17,0.375
"959",2015-05-18,-1.5
"960",2015-05-19,-1.5
"961",2015-05-23,-0.1
"962",2015-05-24,0
"963",2015-05-25,0.29
"964",2015-05-26,0
"965",2015-05-27,-0.3
"966",2015-05-28,0.416666666666667
"967",2015-05-29,0
"968",2015-05-30,0.1
"969",2015-05-31,0
"970",2015-06-02,0.4
"971",2015-06-03,-0.025
"972",2015-06-04,0.05
"973",2015-06-05,-0.0625
"974",2015-06-06,0.05
"975",2015-06-07,0
"976",2015-06-08,0.4
"977",2015-06-10,0.366666666666667
"978",2015-06-11,0.766666666666667
"979",2015-06-12,0
"980",2015-06-13,0.05
"981",2015-06-14,0.125
"982",2015-06-15,0
"983",2015-06-17,0.4
"984",2015-06-18,0.525
"985",2015-06-19,1.16666666666667
"986",2015-06-20,0.4
"987",2015-06-21,0.2
"988",2015-06-22,0.425
"989",2015-06-23,0.4
"990",2015-06-24,0.4
"991",2015-06-25,0
"992",2015-06-26,0.5
"993",2015-06-27,0
"994",2015-06-28,0
"995",2015-06-29,1.5
"996",2015-06-30,-0.22
"997",2015-07-01,0.407142857142857
"998",2015-07-02,0
"999",2015-07-03,0.3
"1000",2015-07-04,0
"1001",2015-07-05,-0.47
"1002",2015-07-06,0.4
"1003",2015-07-08,-0.03125
"1004",2015-07-09,0
"1005",2015-07-10,-0.25
"1006",2015-07-11,-0.14
"1007",2015-07-12,0
"1008",2015-07-13,0.425
"1009",2015-07-14,0.416666666666667
"1010",2015-07-15,0
"1011",2015-07-16,0.4
"1012",2015-07-18,-0.186363636363636
"1013",2015-07-19,0
"1014",2015-07-20,0.8
"1015",2015-07-21,-0.23125
"1016",2015-07-22,0.0833333333333333
"1017",2015-07-23,0.45
"1018",2015-07-24,-0.266666666666667
"1019",2015-07-25,0
"1020",2015-07-26,0
"1021",2015-07-27,0.5
"1022",2015-07-30,0
"1023",2015-07-31,0.00625000000000001
"1024",2015-08-01,0
"1025",2015-08-02,0.177777777777778
"1026",2015-08-03,0
"1027",2015-08-04,0.125
"1028",2015-08-05,0
"1029",2015-08-06,-0.416666666666667
"1030",2015-08-07,0.78
"1031",2015-08-08,1.8
"1032",2015-08-10,0.5
"1033",2015-08-11,0.25
"1034",2015-08-12,0
"1035",2015-08-13,-0.264285714285714
"1036",2015-08-15,-0.16
"1037",2015-08-16,0.6
"1038",2015-08-17,0
"1039",2015-08-18,0.194444444444444
"1040",2015-08-19,-0.02
"1041",2015-08-20,0
"1042",2015-08-21,0.175
"1043",2015-08-23,0
"1044",2015-08-25,0.9
"1045",2015-08-26,0.1
"1046",2015-08-27,0.1
"1047",2015-08-28,0.3
"1048",2015-09-02,0.2
"1049",2015-09-03,0
"1050",2015-09-06,0.75
"1051",2015-09-07,0
"1052",2015-09-09,-0.958333333333333
"1053",2015-09-10,0
"1054",2015-09-13,0.6
"1055",2015-09-14,-0.916666666666667
"1056",2015-09-15,-0.375
"1057",2015-09-16,0
"1058",2015-09-18,1.95
"1059",2015-09-19,0
"1060",2015-09-20,0
"1061",2015-09-21,-0.25
"1062",2015-09-22,0
"1063",2015-09-23,0
"1064",2015-09-24,0
"1065",2015-09-25,0
"1066",2015-09-26,0
"1067",2015-09-27,0
"1068",2015-09-28,0
"1069",2015-09-29,-0.533333333333333
"1070",2015-09-30,0
"1071",2015-10-01,-0.2
"1072",2015-10-02,0
"1073",2015-10-03,0
"1074",2015-10-04,0.408333333333333
"1075",2015-10-05,-0.1
"1076",2015-10-06,-0.166666666666667
"1077",2015-10-08,0
"1078",2015-10-10,0
"1079",2015-10-12,0.4
"1080",2015-10-13,1.55
"1081",2015-10-14,0
"1082",2015-10-15,0.25
"1083",2015-10-16,0
"1084",2015-10-17,0
"1085",2015-10-18,0.6
"1086",2015-10-19,0.25
"1087",2015-10-20,0
"1088",2015-10-21,0.2
"1089",2015-10-22,0.6
"1090",2015-10-23,0.775
"1091",2015-10-25,1.325
"1092",2015-10-28,-0.6
"1093",2015-10-29,-0.1875
"1094",2015-10-30,0
"1095",2015-10-31,0
"1096",2015-11-01,0.6
"1097",2015-11-02,0
"1098",2015-11-04,0
"1099",2015-11-05,0.32
"1100",2015-11-06,0
"1101",2015-11-07,0.5
"1102",2015-11-08,0
"1103",2015-11-09,0
"1104",2015-11-10,0.225
"1105",2015-11-11,0
"1106",2015-11-12,0.0833333333333333
"1107",2015-11-13,0
"1108",2015-11-16,-0.15
"1109",2015-11-17,-0.4
"1110",2015-11-18,0
"1111",2015-11-19,0
"1112",2015-11-21,0.07
"1113",2015-11-24,0.75
"1114",2015-11-29,-0.25
"1115",2015-11-30,0
"1116",2015-12-01,0
"1117",2015-12-02,0
"1118",2015-12-03,0.05
"1119",2015-12-04,-0.25
"1120",2015-12-06,1.4
"1121",2015-12-07,-0.5
"1122",2015-12-10,0
"1123",2015-12-11,0.375
"1124",2015-12-12,0
"1125",2015-12-13,0
"1126",2015-12-14,0
"1127",2015-12-15,0.0857142857142857
"1128",2015-12-16,0.257142857142857
"1129",2015-12-17,0
"1130",2015-12-18,0
"1131",2015-12-19,0
"1132",2015-12-20,0.15
"1133",2015-12-21,0
"1134",2015-12-23,0.125
"1135",2015-12-26,0
"1136",2015-12-27,0.516666666666667
"1137",2015-12-28,-0.4
"1138",2015-12-29,0.257142857142857
"1139",2015-12-30,0
"1140",2015-12-31,0.09375
"1141",2016-01-01,0
"1142",2016-01-02,0.0142857142857143
"1143",2016-01-03,-0.25
"1144",2016-01-04,-0.441666666666667
"1145",2016-01-05,0
"1146",2016-01-06,0
"1147",2016-01-07,0
"1148",2016-01-08,-0.1625
"1149",2016-01-09,0.135714285714286
"1150",2016-01-10,0.1
"1151",2016-01-11,-0.173529411764706
"1152",2016-01-12,0.11
"1153",2016-01-13,-0.376666666666667
"1154",2016-01-14,0.25
"1155",2016-01-15,0
"1156",2016-01-16,0.2125
"1157",2016-01-17,0
"1158",2016-01-18,0.25
"1159",2016-01-20,0
"1160",2016-01-21,0
"1161",2016-01-22,0
"1162",2016-01-23,0
"1163",2016-01-24,0.00714285714285713
"1164",2016-01-25,-0.107142857142857
"1165",2016-01-26,0
"1166",2016-01-27,-0.257142857142857
"1167",2016-01-28,0
"1168",2016-01-29,0
"1169",2016-01-31,0
"1170",2016-02-01,0
"1171",2016-02-02,2.36666666666667
"1172",2016-02-03,0.35
"1173",2016-02-04,0.3
"1174",2016-02-05,0.125
"1175",2016-02-06,0
"1176",2016-02-08,0
"1177",2016-02-09,0
"1178",2016-02-11,0
"1179",2016-02-12,0.133333333333333
"1180",2016-02-15,0
"1181",2016-02-16,0
"1182",2016-02-17,0.05
"1183",2016-02-18,0.26
"1184",2016-02-19,0
"1185",2016-02-20,0.278571428571429
"1186",2016-02-21,0.8
"1187",2016-02-22,0.6
"1188",2016-02-23,0
"1189",2016-02-24,1
"1190",2016-02-25,0.0833333333333333
"1191",2016-02-26,0
"1192",2016-03-01,0.25
"1193",2016-03-02,0
"1194",2016-03-03,0.1
"1195",2016-03-04,0.4
"1196",2016-03-05,0
"1197",2016-03-07,0.0928571428571428
"1198",2016-03-09,0.5
"1199",2016-03-10,-0.5
"1200",2016-03-11,0
"1201",2016-03-12,0
"1202",2016-03-13,0
"1203",2016-03-14,0.416666666666667
"1204",2016-03-15,-0.0625
"1205",2016-03-16,0.125
"1206",2016-03-17,0
"1207",2016-03-18,0.24
"1208",2016-03-19,-0.3
"1209",2016-03-20,0
"1210",2016-03-21,-0.25
"1211",2016-03-22,0.5
"1212",2016-03-23,-0.1
"1213",2016-03-24,0
"1214",2016-03-25,0
"1215",2016-03-29,-0.45
"1216",2016-03-31,0.3
"1217",2016-04-01,0.0642857142857143
"1218",2016-04-02,0.4
"1219",2016-04-05,0.75
"1220",2016-04-08,0.25
"1221",2016-04-09,-0.2
"1222",2016-04-10,0
"1223",2016-04-11,0.3
"1224",2016-04-12,0
"1225",2016-04-14,0
"1226",2016-04-15,0.1
"1227",2016-04-16,0.29
"1228",2016-04-17,0
"1229",2016-04-19,1.4
"1230",2016-04-20,-0.266666666666667
"1231",2016-04-21,0
"1232",2016-04-22,0
"1233",2016-04-23,0
"1234",2016-04-26,0
"1235",2016-04-27,0
"1236",2016-04-28,-0.375
"1237",2016-05-01,0.433333333333333
"1238",2016-05-03,0.4
"1239",2016-05-04,0.116666666666667
"1240",2016-05-05,0
"1241",2016-05-06,0.55
"1242",2016-05-07,0.45
"1243",2016-05-08,0.8
"1244",2016-05-11,0.25
"1245",2016-05-12,0.3
"1246",2016-05-13,0
"1247",2016-05-14,0
"1248",2016-05-16,0.5
"1249",2016-05-17,-0.25
"1250",2016-05-19,-0.2
"1251",2016-05-20,0.05
"1252",2016-05-21,0.0875
"1253",2016-05-22,0.25
"1254",2016-05-23,0
"1255",2016-05-24,-0.375
"1256",2016-05-25,-0.0625
"1257",2016-05-26,-0.0166666666666666
"1258",2016-05-28,0.65
"1259",2016-05-29,0
"1260",2016-05-30,0
"1261",2016-05-31,-0.56
"1262",2016-06-03,0.5
"1263",2016-06-04,-0.4
"1264",2016-06-05,1.55
"1265",2016-06-06,-0.616666666666667
"1266",2016-06-07,0
"1267",2016-06-08,0
"1268",2016-06-09,1.15
"1269",2016-06-11,0
"1270",2016-06-12,-0.2
"1271",2016-06-14,0.5
"1272",2016-06-15,1
"1273",2016-06-16,0
"1274",2016-06-17,1.55
"1275",2016-06-18,0.125
"1276",2016-06-19,0.275
"1277",2016-06-20,0
"1278",2016-06-21,0.3
"1279",2016-06-24,0.6
"1280",2016-06-25,0.56
"1281",2016-06-26,-0.1875
"1282",2016-06-27,0.0928571428571429
"1283",2016-06-28,0.525
"1284",2016-06-29,0.55
"1285",2016-07-01,0.235714285714286
"1286",2016-07-02,0
"1287",2016-07-03,0
"1288",2016-07-04,0
"1289",2016-07-05,0
"1290",2016-07-06,-0.2
"1291",2016-07-08,0
"1292",2016-07-09,0
"1293",2016-07-10,0
"1294",2016-07-11,0.75
"1295",2016-07-13,0
"1296",2016-07-14,0.133333333333333
"1297",2016-07-15,0
"1298",2016-07-16,0
"1299",2016-07-17,0.583333333333333
"1300",2016-07-18,0.2
"1301",2016-07-19,0
"1302",2016-07-20,0.6
"1303",2016-07-21,0.075
"1304",2016-07-23,-0.51
"1305",2016-07-24,0.3
"1306",2016-07-26,1.2
"1307",2016-07-28,0.342857142857143
"1308",2016-07-29,2
"1309",2016-07-30,0.15
"1310",2016-07-31,-1.25
"1311",2016-08-01,0
"1312",2016-08-04,-0.5
"1313",2016-08-05,-0.1
"1314",2016-08-06,0
"1315",2016-08-07,0.11
"1316",2016-08-08,0.17
"1317",2016-08-11,0.4
"1318",2016-08-12,0
"1319",2016-08-13,0.25
"1320",2016-08-14,0
"1321",2016-08-15,0.716666666666667
"1322",2016-08-16,-0.2
"1323",2016-08-17,0.166666666666667
"1324",2016-08-18,0.72
"1325",2016-08-19,-0.125
"1326",2016-08-20,0
"1327",2016-08-22,0.1
"1328",2016-08-23,-0.0625
"1329",2016-08-24,0.17
"1330",2016-08-25,-0.1
"1331",2016-08-26,0.025
"1332",2016-08-27,0
"1333",2016-08-28,0.0214285714285714
"1334",2016-08-29,0.65
"1335",2016-08-31,0
"1336",2016-09-02,0
"1337",2016-09-03,1
"1338",2016-09-05,1.5
"1339",2016-09-06,0.05
"1340",2016-09-07,0
"1341",2016-09-08,0.5
"1342",2016-09-12,0
"1343",2016-09-13,0.55
"1344",2016-09-14,0
"1345",2016-09-15,-0.4
"1346",2016-09-16,-0.4
"1347",2016-09-17,0.75
"1348",2016-09-18,0
"1349",2016-09-19,0.375
"1350",2016-09-20,-0.5
"1351",2016-09-21,0.3
"1352",2016-09-22,-0.0375
"1353",2016-09-24,0
"1354",2016-09-25,-0.25
"1355",2016-09-26,0
"1356",2016-09-28,0.275
"1357",2016-09-29,0.925
"1358",2016-09-30,0.75
"1359",2016-10-01,-0.3
"1360",2016-10-02,0.466666666666667
"1361",2016-10-03,0.366666666666667
"1362",2016-10-05,0
"1363",2016-10-06,-0.25
"1364",2016-10-07,-0.75
"1365",2016-10-09,-0.5
"1366",2016-10-11,-0.25
"1367",2016-10-14,-0.25
"1368",2016-10-15,0
"1369",2016-10-16,1
"1370",2016-10-18,0.5
"1371",2016-10-19,0
"1372",2016-10-21,0.3
"1373",2016-10-22,0
"1374",2016-10-24,0
"1375",2016-10-25,0
"1376",2016-10-27,0
"1377",2016-10-30,0.9
"1378",2016-10-31,0.6
"1379",2016-11-01,0.8
"1380",2016-11-02,0
"1381",2016-11-04,-0.125
"1382",2016-11-07,0.3
"1383",2016-11-08,0.75
"1384",2016-11-09,0
"1385",2016-11-10,0
"1386",2016-11-11,0.8
"1387",2016-11-12,0.925
"1388",2016-11-13,0
"1389",2016-11-16,0.6
"1390",2016-11-17,0
"1391",2016-11-18,0.266666666666667
"1392",2016-11-19,0.45
"1393",2016-11-20,0.3
"1394",2016-11-21,-0.75
"1395",2016-11-24,1.2
"1396",2016-11-28,0
"1397",2016-11-29,0.266666666666667
"1398",2016-11-30,0
"1399",2016-12-03,0.75
"1400",2016-12-04,-0.675
"1401",2016-12-05,0.675
"1402",2016-12-08,0
"1403",2016-12-09,-0.5
"1404",2016-12-10,-0.8
"1405",2016-12-14,0.375
"1406",2016-12-15,0
"1407",2016-12-16,-0.25
"1408",2016-12-17,0.383333333333333
"1409",2016-12-21,0
"1410",2016-12-22,0
"1411",2016-12-24,-0.8
"1412",2016-12-25,0.05
"1413",2016-12-26,0
"1414",2016-12-27,0
"1415",2016-12-28,0
"1416",2016-12-30,0.3
"1417",2016-12-31,0.5
"1418",2017-01-01,0
"1419",2017-01-02,0
"1420",2017-01-03,0
"1421",2017-01-05,0
"1422",2017-01-07,0
"1423",2017-01-08,0.2
"1424",2017-01-09,-0.75
"1425",2017-01-10,0.2
"1426",2017-01-11,0.6
"1427",2017-01-12,0
"1428",2017-01-13,0
"1429",2017-01-16,0
"1430",2017-01-17,0.375
"1431",2017-01-18,-0.116666666666667
"1432",2017-01-19,0.75
"1433",2017-01-20,0.25
"1434",2017-01-21,0.25
"1435",2017-01-22,0
"1436",2017-01-24,-0.75
"1437",2017-01-27,0.8
"1438",2017-01-30,0
"1439",2017-01-31,0
"1440",2017-02-01,0
"1441",2017-02-02,0.1
"1442",2017-02-03,0
"1443",2017-02-04,0
"1444",2017-02-05,0
"1445",2017-02-07,0
"1446",2017-02-08,0.525
"1447",2017-02-09,0
"1448",2017-02-10,0.625
"1449",2017-02-11,0.2
"1450",2017-02-12,0
"1451",2017-02-14,0
"1452",2017-02-15,0.75
"1453",2017-02-16,1.575
"1454",2017-02-20,0.75
"1455",2017-02-21,1.325
"1456",2017-02-22,-1
"1457",2017-02-23,0.375
"1458",2017-02-25,0
"1459",2017-02-26,0
"1460",2017-02-27,0.225
"1461",2017-02-28,-0.8
"1462",2017-03-01,-0.8
"1463",2017-03-02,0.4125
"1464",2017-03-04,0
"1465",2017-03-05,0
"1466",2017-03-06,0.75
"1467",2017-03-07,0
"1468",2017-03-08,0
"1469",2017-03-10,0
"1470",2017-03-11,0
"1471",2017-03-12,0.55
"1472",2017-03-13,0.5
"1473",2017-03-14,0.75
"1474",2017-03-15,0.925
"1475",2017-03-16,0.325
"1476",2017-03-17,-0.3
"1477",2017-03-18,-0.325
"1478",2017-03-20,0
"1479",2017-03-21,0
"1480",2017-03-22,0
"1481",2017-03-23,0.4
"1482",2017-03-25,0.35
"1483",2017-03-26,0.775
"1484",2017-03-27,0
"1485",2017-03-28,0
"1486",2017-03-29,0
"1487",2017-03-30,0
"1488",2017-03-31,0.166666666666667
"1489",2017-04-01,0
"1490",2017-04-02,-0.15
"1491",2017-04-03,0
"1492",2017-04-04,0.3
"1493",2017-04-05,0
"1494",2017-04-06,0
"1495",2017-04-07,0.5
"1496",2017-04-08,0.08
"1497",2017-04-10,-0.35
"1498",2017-04-11,0.308333333333333
"1499",2017-04-12,0
"1500",2017-04-13,-0.02
"1501",2017-04-14,0
"1502",2017-04-16,-0.35
"1503",2017-04-17,0
"1504",2017-04-18,0
"1505",2017-04-19,0
"1506",2017-04-22,0.3
"1507",2017-04-23,0.88
"1508",2017-04-24,0
"1509",2017-04-25,0
"1510",2017-04-26,0
"1511",2017-04-27,0
"1512",2017-04-28,0
"1513",2017-04-29,0.775
"1514",2017-05-02,0
"1515",2017-05-04,0
"1516",2017-05-05,0.3
"1517",2017-05-06,0
"1518",2017-05-08,0.2
"1519",2017-05-09,-0.8
"1520",2017-05-10,0
"1521",2017-05-11,1.05
"1522",2017-05-12,0
"1523",2017-05-13,-0.375
"1524",2017-05-14,1.3
"1525",2017-05-19,0.75
"1526",2017-05-20,0.366666666666667
"1527",2017-05-22,0
"1528",2017-05-24,0
"1529",2017-05-25,0.416666666666667
"1530",2017-05-27,0
"1531",2017-05-28,0
"1532",2017-05-29,0.166666666666667
"1533",2017-05-30,0
"1534",2017-05-31,0.75
"1535",2017-06-01,-0.125
"1536",2017-06-02,0.4
"1537",2017-06-04,1.25
"1538",2017-06-05,-0.25
"1539",2017-06-06,0
"1540",2017-06-07,0.6
"1541",2017-06-08,0
"1542",2017-06-10,0
"1543",2017-06-11,-0.1
"1544",2017-06-12,0.833333333333333
"1545",2017-06-15,0.75
"1546",2017-06-16,0
"1547",2017-06-17,-0.0285714285714286
"1548",2017-06-18,0.283333333333333
"1549",2017-06-19,0
"1550",2017-06-20,0.5
"1551",2017-06-21,0.233333333333333
"1552",2017-06-22,0.2
"1553",2017-06-23,0
"1554",2017-06-24,0
"1555",2017-06-25,0
"1556",2017-06-26,0
"1557",2017-06-27,-0.166666666666667
"1558",2017-06-28,-0.125
"1559",2017-06-30,0
"1560",2017-07-03,0
"1561",2017-07-05,0.5875
"1562",2017-07-06,0.125
"1563",2017-07-07,0.75
"1564",2017-07-08,0.55
"1565",2017-07-09,0.8
"1566",2017-07-10,0
"1567",2017-07-11,0.75
"1568",2017-07-12,0.375
"1569",2017-07-15,1.05
"1570",2017-07-16,1.075
"1571",2017-07-18,0.1
"1572",2017-07-19,0
"1573",2017-07-21,0
"1574",2017-07-22,0.8
"1575",2017-07-25,0
"1576",2017-07-26,-0.1
"1577",2017-07-27,0
"1578",2017-07-29,0
"1579",2017-07-30,-0.8
"1580",2017-07-31,0.6
"1581",2017-08-01,0.7
"1582",2017-08-03,0
"1583",2017-08-04,0.65
"1584",2017-08-06,1.13333333333333
"1585",2017-08-07,-0.45
"1586",2017-08-08,0.4
"1587",2017-08-09,0
"1588",2017-08-10,0.05
"1589",2017-08-11,0.75
"1590",2017-08-12,0.125
"1591",2017-08-13,0
"1592",2017-08-14,-1
"1593",2017-08-15,0.25
"1594",2017-08-16,0
"1595",2017-08-17,0
"1596",2017-08-18,0
"1597",2017-08-19,0
"1598",2017-08-20,0.8
"1599",2017-08-21,-0.25
"1600",2017-08-22,0
"1601",2017-08-23,0.75
"1602",2017-08-24,0.916666666666667
"1603",2017-08-25,0
"1604",2017-08-26,0.6
"1605",2017-08-27,0
"1606",2017-08-28,0
"1607",2017-08-30,0.8
"1608",2017-08-31,0
"1609",2017-09-02,0.5
"1610",2017-09-03,-0.5
"1611",2017-09-04,0
"1612",2017-09-05,-0.375
"1613",2017-09-06,0
"1614",2017-09-09,0
"1615",2017-09-10,0.625
"1616",2017-09-11,0.6
"1617",2017-09-12,0.166666666666667
"1618",2017-09-15,0.5
"1619",2017-09-16,0
"1620",2017-09-17,0
"1621",2017-09-18,0.825
"1622",2017-09-20,0
"1623",2017-09-21,0.1875
"1624",2017-09-22,0
"1625",2017-09-23,0.5
"1626",2017-09-26,0
"1627",2017-09-27,0.166666666666667
"1628",2017-09-28,0
"1629",2017-10-01,-0.875
"1630",2017-10-02,0.75
"1631",2017-10-03,0
"1632",2017-10-04,0
"1633",2017-10-06,0.4375
"1634",2017-10-07,0.6
"1635",2017-10-08,0.6
"1636",2017-10-09,0.4375
"1637",2017-10-10,0.75
"1638",2017-10-11,0.2
"1639",2017-10-12,0.25
"1640",2017-10-13,1.6
"1641",2017-10-15,0.3875
"1642",2017-10-16,0
"1643",2017-10-17,0.3
"1644",2017-10-18,0
"1645",2017-10-19,-0.4
"1646",2017-10-20,0.9
"1647",2017-10-22,0
"1648",2017-10-23,1.1
"1649",2017-10-24,1.8
"1650",2017-10-25,0.775
"1651",2017-10-26,0.675
"1652",2017-10-27,0.6
"1653",2017-10-28,0
"1654",2017-10-29,1.46666666666667
"1655",2017-10-30,-0.278571428571429
"1656",2017-11-01,-0.4
"1657",2017-11-02,0.7
"1658",2017-11-03,0.8
"1659",2017-11-04,0
"1660",2017-11-05,0.375
"1661",2017-11-06,0.333333333333333
"1662",2017-11-07,0
"1663",2017-11-09,-0.875
"1664",2017-11-10,0
"1665",2017-11-12,0
"1666",2017-11-13,0
"1667",2017-11-14,2.1125
"1668",2017-11-15,0
"1669",2017-11-16,1.5
"1670",2017-11-17,0.375
"1671",2017-11-18,0
"1672",2017-11-19,0.25
"1673",2017-11-21,0.4
"1674",2017-11-22,0.783333333333333
"1675",2017-11-23,0
"1676",2017-11-25,-0.5
"1677",2017-11-27,0.75
"1678",2017-11-28,0.6
"1679",2017-11-29,1.325
"1680",2017-11-30,0
"1681",2017-12-01,1
"1682",2017-12-04,0
"1683",2017-12-05,0
"1684",2017-12-06,0.4
"1685",2017-12-07,-0.35
"1686",2017-12-08,-0.45
"1687",2017-12-09,0.525
"1688",2017-12-10,0
"1689",2017-12-11,0
"1690",2017-12-12,-1
"1691",2017-12-13,0
"1692",2017-12-14,1.3
"1693",2017-12-18,0
"1694",2017-12-19,0
"1695",2017-12-21,0
"1696",2017-12-22,0.25
"1697",2017-12-23,0.5
"1698",2017-12-24,0
"1699",2017-12-26,0.01
"1700",2017-12-27,0.135714285714286
"1701",2017-12-28,-0.65
"1702",2017-12-29,0.416666666666667
"1703",2017-12-30,0.0333333333333333
"1704",2017-12-31,-0.15
"1705",2018-01-05,0
"1706",2018-01-06,-0.375
"1707",2018-01-07,2.8
"1708",2018-01-08,0.75
"1709",2018-01-09,1.55
"1710",2018-01-11,0.1
"1711",2018-01-12,0
"1712",2018-01-13,0
"1713",2018-01-15,1.25
"1714",2018-01-16,0.8
"1715",2018-01-17,0.25
"1716",2018-01-18,0.416666666666667
"1717",2018-01-19,-0.8
"1718",2018-01-20,0
"1719",2018-01-21,0.55
"1720",2018-01-23,-0.225
"1721",2018-01-24,0.3375
"1722",2018-01-25,0
"1723",2018-01-27,0.3125
"1724",2018-01-28,0
"1725",2018-01-29,0.35
"1726",2018-01-30,0.17
"1727",2018-01-31,0.183333333333333
"1728",2018-02-01,-2.15
"1729",2018-02-02,0.15
"1730",2018-02-03,0
"1731",2018-02-04,0
"1732",2018-02-05,0
"1733",2018-02-06,0.125
"1734",2018-02-08,0.85
"1735",2018-02-09,0
"1736",2018-02-10,0.75
"1737",2018-02-11,1.425
"1738",2018-02-13,0.4
"1739",2018-02-14,0
"1740",2018-02-15,0.6
"1741",2018-02-16,0
"1742",2018-02-17,-0.0125
"1743",2018-02-18,0
"1744",2018-02-21,0.5
"1745",2018-02-28,1.85
"1746",2018-03-01,-0.375
"1747",2018-03-03,1.5
"1748",2018-03-05,0
"1749",2018-03-06,0.2
"1750",2018-03-07,0
"1751",2018-03-08,0.1
"1752",2018-03-09,0
"1753",2018-03-10,0
"1754",2018-03-11,0
"1755",2018-03-12,0
"1756",2018-03-13,0.05
"1757",2018-03-14,0
"1758",2018-03-15,0.535714285714286
"1759",2018-03-16,0.45
"1760",2018-03-17,0
"1761",2018-03-18,1.5
"1762",2018-03-19,0.371428571428571
"1763",2018-03-20,0
"1764",2018-03-21,0.17
"1765",2018-03-22,0
"1766",2018-03-23,0
"1767",2018-03-24,1.4
"1768",2018-03-25,0.333333333333333
"1769",2018-03-26,0.4375
"1770",2018-03-27,0.1
"1771",2018-03-28,0.175
"1772",2018-03-29,-0.125
"1773",2018-03-30,0
"1774",2018-04-02,0.208333333333333
"1775",2018-04-03,0.32
"1776",2018-04-04,0
"1777",2018-04-05,-0.4
"1778",2018-04-06,0
"1779",2018-04-07,0.316666666666667
"1780",2018-04-09,0.56
"1781",2018-04-10,-0.11
"1782",2018-04-11,0.175
"1783",2018-04-12,0.875
"1784",2018-04-13,1.25
"1785",2018-04-15,0
"1786",2018-04-16,0
"1787",2018-04-17,0
"1788",2018-04-18,0.025
"1789",2018-04-19,0
"1790",2018-04-20,0.166666666666667
"1791",2018-04-21,0.6
"1792",2018-04-22,0.575
"1793",2018-04-23,0
"1794",2018-04-24,0.6625
"1795",2018-04-25,0
"1796",2018-04-26,0.83
"1797",2018-04-27,0
"1798",2018-04-29,-0.0833333333333333
"1799",2018-04-30,0
"1800",2018-05-02,0
"1801",2018-05-03,-0.0833333333333333
"1802",2018-05-04,-0.266666666666667
"1803",2018-05-05,0.125
"1804",2018-05-06,0
"1805",2018-05-07,1.15
"1806",2018-05-08,0.575
"1807",2018-05-09,0
"1808",2018-05-11,-0.75
"1809",2018-05-12,0.166666666666667
"1810",2018-05-13,1.1
"1811",2018-05-14,0.44
"1812",2018-05-15,0.308333333333333
"1813",2018-05-16,0.3125
"1814",2018-05-17,0.25
"1815",2018-05-18,1.85
"1816",2018-05-19,0.95
"1817",2018-05-21,0
"1818",2018-05-22,0.575
"1819",2018-05-23,0
"1820",2018-05-24,0
"1821",2018-05-25,0
"1822",2018-05-26,0
"1823",2018-05-27,0.216666666666667
"1824",2018-05-28,-0.125
"1825",2018-05-29,0
"1826",2018-05-30,0
"1827",2018-05-31,0
"1828",2018-06-01,0
"1829",2018-06-02,1.1
"1830",2018-06-03,0.4
"1831",2018-06-04,0.258333333333333
"1832",2018-06-05,0.866666666666667
"1833",2018-06-06,0
"1834",2018-06-07,0
"1835",2018-06-08,-0.05
"1836",2018-06-09,0.533333333333333
"1837",2018-06-10,0.1
"1838",2018-06-11,1.4
"1839",2018-06-12,0.166666666666667
"1840",2018-06-13,0
"1841",2018-06-14,0.225
"1842",2018-06-15,0.25
"1843",2018-06-16,-0.675
"1844",2018-06-17,1.55
"1845",2018-06-18,0
"1846",2018-06-19,-0.025
"1847",2018-06-20,0.766666666666667
"1848",2018-06-21,1.15
"1849",2018-06-22,-0.4
"1850",2018-06-23,0.175
"1851",2018-06-24,0
"1852",2018-06-25,0
"1853",2018-06-26,0.95
"1854",2018-06-27,1.225
"1855",2018-06-28,0
"1856",2018-06-29,-0.0375
"1857",2018-07-01,1.525
"1858",2018-07-02,0.775
"1859",2018-07-03,0.883333333333333
"1860",2018-07-04,0
"1861",2018-07-05,0.227777777777778
"1862",2018-07-06,0
"1863",2018-07-07,-0.375
"1864",2018-07-08,0
"1865",2018-07-09,0.175
"1866",2018-07-10,1.35
"1867",2018-07-11,-0.3
"1868",2018-07-12,0.65
"1869",2018-07-13,2.26666666666667
"1870",2018-07-14,0.33
"1871",2018-07-15,-0.75
"1872",2018-07-16,0.141666666666667
"1873",2018-07-17,0.675
"1874",2018-07-18,0.31
"1875",2018-07-19,0
"1876",2018-07-20,0
"1877",2018-07-21,0.675
"1878",2018-07-22,0
"1879",2018-07-23,0.2
"1880",2018-07-24,0.833333333333333
"1881",2018-07-25,1.2
"1882",2018-07-26,0.0875
"1883",2018-07-27,0.57
"1884",2018-07-29,0.5
"1885",2018-07-30,0.66
"1886",2018-07-31,-0.475
"1887",2018-08-01,0.455
"1888",2018-08-02,-0.1
"1889",2018-08-03,0.366666666666667
"1890",2018-08-04,0
"1891",2018-08-05,1.15
"1892",2018-08-06,0.333333333333333
"1893",2018-08-07,0.116666666666667
"1894",2018-08-08,0.983333333333333
"1895",2018-08-09,0
"1896",2018-08-10,0
"1897",2018-08-11,0.75
"1898",2018-08-12,0
"1899",2018-08-13,0.685714285714286
"1900",2018-08-14,-0.158333333333333
"1901",2018-08-15,-2.77555756156289e-17
"1902",2018-08-16,0.84
"1903",2018-08-17,2
"1904",2018-08-18,0
"1905",2018-08-19,0
"1906",2018-08-20,-0.0833333333333333
"1907",2018-08-21,0.408333333333333
"1908",2018-08-22,0.775
"1909",2018-08-23,0
"1910",2018-08-24,0.4
"1911",2018-08-25,0.05
"1912",2018-08-26,0
"1913",2018-08-28,0.62
"1914",2018-08-29,0.875
"1915",2018-08-30,0
"1916",2018-08-31,0
"1917",2018-09-01,0.6
"1918",2018-09-02,0.3375
"1919",2018-09-03,0.8
"1920",2018-09-04,0.291666666666667
"1921",2018-09-05,0
"1922",2018-09-06,0.225
"1923",2018-09-07,-0.5
"1924",2018-09-08,0.0833333333333333
"1925",2018-09-09,0.31
"1926",2018-09-10,0
"1927",2018-09-11,0.26
"1928",2018-09-12,0
"1929",2018-09-13,0.533333333333333
"1930",2018-09-14,0
"1931",2018-09-15,0.75
"1932",2018-09-16,0.35
"1933",2018-09-17,0.6
"1934",2018-09-18,0.3
"1935",2018-09-19,0
"1936",2018-09-20,0.222222222222222
"1937",2018-09-21,-0.25
"1938",2018-09-22,-0.166666666666667
"1939",2018-09-24,-0.1875
"1940",2018-09-25,-0.266666666666667
"1941",2018-09-26,0.725
"1942",2018-09-27,0
"1943",2018-09-28,0.12
"1944",2018-09-29,0.7125
"1945",2018-09-30,1
"1946",2018-10-01,0.233333333333333
"1947",2018-10-02,0.23
"1948",2018-10-03,0.4
"1949",2018-10-04,-0.541666666666667
"1950",2018-10-05,0.166666666666667
"1951",2018-10-06,2.025
"1952",2018-10-07,0.74
"1953",2018-10-08,0
"1954",2018-10-09,0
"1955",2018-10-11,0
"1956",2018-10-13,-0.7
"1957",2018-10-14,-0.65
"1958",2018-10-15,-0.075
"1959",2018-10-16,1.125
"1960",2018-10-17,0
"1961",2018-10-18,1.8
"1962",2018-10-19,0
"1963",2018-10-20,1.075
"1964",2018-10-21,0
"1965",2018-10-22,-0.125
"1966",2018-10-23,0.42
"1967",2018-10-24,0.333333333333333
"1968",2018-10-25,0.283333333333333
"1969",2018-10-26,0.0333333333333333
"1970",2018-10-27,0.125
"1971",2018-10-28,0
"1972",2018-10-29,0
"1973",2018-10-30,0.3
"1974",2018-10-31,0
"1975",2018-11-01,1.1
"1976",2018-11-02,0.2
"1977",2018-11-03,0.616666666666667
"1978",2018-11-05,0.2
"1979",2018-11-06,0.266666666666667
"1980",2018-11-07,0
"1981",2018-11-08,-0.166666666666667
"1982",2018-11-09,0.12
"1983",2018-11-10,-0.166666666666667
"1984",2018-11-11,0
"1985",2018-11-12,-0.05
"1986",2018-11-13,0
"1987",2018-11-14,0.65
"1988",2018-11-15,0
"1989",2018-11-16,0
"1990",2018-11-17,0.116666666666667
"1991",2018-11-18,0
"1992",2018-11-19,0.2
"1993",2018-11-20,0
"1994",2018-11-21,0
"1995",2018-11-22,0
"1996",2018-11-25,0.6
"1997",2018-11-26,0
"1998",2018-11-27,-0.09
"1999",2018-11-28,0.0875
"2000",2018-11-29,0
"2001",2018-11-30,0
"2002",2018-12-02,0
"2003",2018-12-03,0
"2004",2018-12-04,-0.05
"2005",2018-12-05,0
"2006",2018-12-06,0.466666666666667
"2007",2018-12-07,0.3
"2008",2018-12-08,0
"2009",2018-12-09,1.5
"2010",2018-12-10,0
"2011",2018-12-11,0
"2012",2018-12-12,0
"2013",2018-12-13,0.2
"2014",2018-12-14,-0.125
"2015",2018-12-15,0
"2016",2018-12-17,0
"2017",2018-12-18,-0.2
"2018",2018-12-19,0
"2019",2018-12-20,0
"2020",2018-12-21,0
"2021",2018-12-22,0.5
"2022",2018-12-24,0
"2023",2018-12-25,0
"2024",2018-12-26,0
"2025",2018-12-27,0.12
"2026",2018-12-28,-0.166666666666667
"2027",2018-12-29,0
"2028",2018-12-30,0
"2029",2018-12-31,-0.8
"2030",2019-01-01,0.383333333333333
"2031",2019-01-02,0.3
"2032",2019-01-03,0
"2033",2019-01-04,0
"2034",2019-01-05,0
"2035",2019-01-06,0
"2036",2019-01-07,0
"2037",2019-01-08,0.525
"2038",2019-01-09,-0.0375
"2039",2019-01-10,0
"2040",2019-01-11,0.2
"2041",2019-01-12,0
"2042",2019-01-13,0
"2043",2019-01-14,0
"2044",2019-01-15,-0.333333333333333
"2045",2019-01-16,0
"2046",2019-01-17,0
"2047",2019-01-18,0.57
"2048",2019-01-19,0
"2049",2019-01-20,0.383333333333333
"2050",2019-01-21,1.1625
"2051",2019-01-22,0.425
"2052",2019-01-23,0.3
"2053",2019-01-24,0
"2054",2019-01-25,0.45
"2055",2019-01-26,0.7875
"2056",2019-01-27,0.583333333333333
"2057",2019-01-28,-0.166666666666667
"2058",2019-01-29,0
"2059",2019-01-30,0.4
"2060",2019-01-31,0
"2061",2019-02-01,-0.125
"2062",2019-02-02,0.0375
"2063",2019-02-03,0.533333333333333
"2064",2019-02-04,0
"2065",2019-02-06,-0.1
"2066",2019-02-07,0
"2067",2019-02-08,0
"2068",2019-02-10,-0.525
"2069",2019-02-11,0.164285714285714
"2070",2019-02-12,0
"2071",2019-02-13,0
"2072",2019-02-14,-0.2
"2073",2019-02-15,0
"2074",2019-02-17,1.65
"2075",2019-02-18,0.2
"2076",2019-02-19,-0.0833333333333333
"2077",2019-02-20,0.4
"2078",2019-02-21,0
"2079",2019-02-22,0.375
"2080",2019-02-23,1.25
"2081",2019-02-25,0
"2082",2019-02-26,0
"2083",2019-02-27,0.05
"2084",2019-02-28,0.916666666666667
"2085",2019-03-01,0.6
"2086",2019-03-02,0.1875
"2087",2019-03-03,-1.15
"2088",2019-03-04,0.73
"2089",2019-03-05,0.025
"2090",2019-03-06,0
"2091",2019-03-07,0
"2092",2019-03-08,-0.108333333333333
"2093",2019-03-09,0
"2094",2019-03-10,1.25
"2095",2019-03-11,0.3875
"2096",2019-03-12,0
"2097",2019-03-13,0.16
"2098",2019-03-14,0.2
"2099",2019-03-15,0.3
"2100",2019-03-16,0.1
"2101",2019-03-17,0.516666666666667
"2102",2019-03-18,0.775
"2103",2019-03-19,0.88
"2104",2019-03-20,0.875
"2105",2019-03-21,0.55
"2106",2019-03-22,0
"2107",2019-03-23,0
"2108",2019-03-24,0.575
"2109",2019-03-25,0.375
"2110",2019-03-26,0.525
"2111",2019-03-27,0
"2112",2019-03-28,0
"2113",2019-03-29,0.6
"2114",2019-03-31,2.45
"2115",2019-04-01,0
"2116",2019-04-02,1.15
"2117",2019-04-03,0.5
"2118",2019-04-04,0.25
"2119",2019-04-05,1.25
"2120",2019-04-08,-0.625
"2121",2019-04-09,-0.1
"2122",2019-04-10,1.1
"2123",2019-04-13,1.3
"2124",2019-04-14,0.65
"2125",2019-04-15,0.225
"2126",2019-04-16,2.1
"2127",2019-04-18,0.833333333333333
"2128",2019-04-19,1.1
"2129",2019-04-20,1.65
"2130",2019-04-21,0.58
"2131",2019-04-22,0
"2132",2019-04-23,2.975
"2133",2019-04-24,1.25
"2134",2019-04-25,0
"2135",2019-04-26,0.5
"2136",2019-04-29,0.5
"2137",2019-04-30,1.85
"2138",2019-05-03,1.975
"2139",2019-05-05,2.05
"2140",2019-05-07,0.0833333333333333
"2141",2019-05-08,0.25
"2142",2019-05-09,0.75
"2143",2019-05-10,0
"2144",2019-05-11,1.05
"2145",2019-05-12,0
"2146",2019-05-13,0.5
"2147",2019-05-14,1.75
"2148",2019-05-15,1.225
"2149",2019-05-18,0.6625
"2150",2019-05-21,0.325
"2151",2019-05-23,3.6
"2152",2019-05-24,-0.25
"2153",2019-05-25,0
"2154",2019-05-29,0.8
"2155",2019-06-01,0.6
"2156",2019-06-03,0.025
"2157",2019-06-05,0.75
"2158",2019-06-07,0.0625
"2159",2019-06-10,0
"2160",2019-06-11,0.875
"2161",2019-06-14,4.05
"2162",2019-06-16,0.75
"2163",2019-06-19,2.15
"2164",2019-06-21,0.25
"2165",2019-06-23,0.4375
"2166",2019-06-24,0.775
"2167",2019-06-27,0
"2168",2019-06-28,0.5
"2169",2019-06-29,0
"2170",2019-06-30,0.8
"2171",2019-07-01,-0.625
"2172",2019-07-02,1.125
"2173",2019-07-03,0.816666666666667
"2174",2019-07-04,1.36666666666667
"2175",2019-07-05,1.25
"2176",2019-07-06,2.1
"2177",2019-07-07,3.35
"2178",2019-07-08,2.35
"2179",2019-07-09,-0.4
"2180",2019-07-10,0.866666666666667
"2181",2019-07-12,0.5
"2182",2019-07-13,1.575
"2183",2019-07-14,0.466666666666667
"2184",2019-07-16,1.525
"2185",2019-07-18,1.175
"2186",2019-07-19,2.125
"2187",2019-07-20,-1.9
"2188",2019-07-21,0.32
"2189",2019-07-22,0.1625
"2190",2019-07-23,0.458333333333333
"2191",2019-07-24,-0.4
"2192",2019-07-25,-0.375
"2193",2019-07-26,0.95
"2194",2019-07-27,0.6
"2195",2019-07-28,1.1
"2196",2019-07-29,0.5
"2197",2019-07-30,1.1
"2198",2019-07-31,1.65
"2199",2019-08-01,0.366666666666667
"2200",2019-08-02,0.35
"2201",2019-08-04,0.65
"2202",2019-08-05,2.5
"2203",2019-08-06,0.5
"2204",2019-08-07,2.15
"2205",2019-08-09,2.45
"2206",2019-08-10,0.525
"2207",2019-08-12,0.766666666666667
"2208",2019-08-13,1
"2209",2019-08-14,0.6
"2210",2019-08-19,0.583333333333333
"2211",2019-08-20,0.4125
"2212",2019-08-21,1.6
"2213",2019-08-22,0.825
"2214",2019-08-24,1.65
"2215",2019-08-25,1.25
"2216",2019-08-27,0.8
"2217",2019-08-28,2.05
"2218",2019-08-30,0.8
"2219",2019-08-31,0.816666666666667
"2220",2019-09-02,0
"2221",2019-09-03,0.225
"2222",2019-09-04,1.175
"2223",2019-09-05,1.16666666666667
"2224",2019-09-06,0.8
"2225",2019-09-10,1.75
"2226",2019-09-11,1.25
"2227",2019-09-12,-0.25
"2228",2019-09-14,4.85
"2229",2019-09-15,1.05
"2230",2019-09-18,0.616666666666667
"2231",2019-09-19,2
"2232",2019-09-20,0.175
"2233",2019-09-21,0.535714285714286
"2234",2019-09-22,0.3
"2235",2019-09-23,0.48
"2236",2019-09-24,0.2
"2237",2019-09-25,0.25
"2238",2019-09-26,0.625
"2239",2019-09-27,1.71666666666667
"2240",2019-09-28,0
"2241",2019-09-29,2
"2242",2019-09-30,0.3
"2243",2019-10-01,-0.5
"2244",2019-10-02,0
"2245",2019-10-03,0
"2246",2019-10-04,0.41
"2247",2019-10-05,1.1
"2248",2019-10-06,2.6
"2249",2019-10-07,1.275
"2250",2019-10-08,-0.5
"2251",2019-10-09,-0.1875
"2252",2019-10-10,-0.25
"2253",2019-10-12,2.15
"2254",2019-10-13,1.05
"2255",2019-10-15,1.025
"2256",2019-10-16,1.525
"2257",2019-10-20,1.25
"2258",2019-10-22,0.4
"2259",2019-10-23,2.25
"2260",2019-10-25,0.6
"2261",2019-10-26,-1
"2262",2019-10-27,0.916666666666667
"2263",2019-10-30,0.8
"2264",2019-11-02,0.7625
"2265",2019-11-05,0.5
"2266",2019-11-06,-1.2
"2267",2019-11-07,2.55
"2268",2019-11-08,0.5
"2269",2019-11-09,0.25
"2270",2019-11-10,1.25
"2271",2019-11-11,0.95
"2272",2019-11-12,2.45
"2273",2019-11-13,0.0166666666666667
"2274",2019-11-14,0.75
"2275",2019-11-16,3.075
"2276",2019-11-17,0
"2277",2019-11-18,0
"2278",2019-11-19,0
"2279",2019-11-20,0
"2280",2019-11-21,0.39
"2281",2019-11-22,0.202941176470588
"2282",2019-11-23,0.45
"2283",2019-11-24,0.45
"2284",2019-11-25,0.25
"2285",2019-11-26,0
"2286",2019-11-27,1.8
"2287",2019-11-28,-0.4
"2288",2019-12-01,1.15
"2289",2019-12-03,1
"2290",2019-12-04,0.116666666666667
"2291",2019-12-07,0.25
"2292",2019-12-08,1.25
"2293",2019-12-09,0
"2294",2019-12-10,0.7
"2295",2019-12-11,-0.125
"2296",2019-12-12,-0.05
"2297",2019-12-13,1
"2298",2019-12-14,1.075
"2299",2019-12-15,0.55
"2300",2019-12-16,0
"2301",2019-12-17,1
"2302",2019-12-18,1.25
"2303",2019-12-20,-0.125
"2304",2019-12-21,-0.25
"2305",2019-12-22,0
"2306",2019-12-24,-0.075
"2307",2019-12-29,0.6
"2308",2020-01-04,0
"2309",2020-01-05,1.15
"2310",2020-01-06,0.75
"2311",2020-01-08,1.06666666666667
"2312",2020-01-09,-0.525
"2313",2020-01-11,0.683333333333333
"2314",2020-01-13,-0.575
"2315",2020-01-14,0.8
"2316",2020-01-16,1.15
"2317",2020-01-18,0.75
"2318",2020-01-19,0.375
"2319",2020-01-20,1.075
"2320",2020-01-21,0.516666666666667
"2321",2020-01-22,0.35
"2322",2020-01-23,0
"2323",2020-01-26,0
"2324",2020-01-28,0.75
"2325",2020-01-29,0.95
"2326",2020-01-30,-0.25
"2327",2020-02-02,0
"2328",2020-02-04,0.5
"2329",2020-02-05,-0.0375
"2330",2020-02-08,0
"2331",2020-02-09,-0.05
"2332",2020-02-10,0.55
"2333",2020-02-11,-2
"2334",2020-02-12,-0.0333333333333333
"2335",2020-02-13,0.6
"2336",2020-02-14,2.15
"2337",2020-02-16,0.09
"2338",2020-02-17,-0.0833333333333333
"2339",2020-02-18,0.225
"2340",2020-02-19,-0.3
"2341",2020-02-26,0.3
"2342",2020-02-27,1
"2343",2020-02-28,0
"2344",2020-02-29,2.925
"2345",2020-03-01,0
"2346",2020-03-02,0.55
"2347",2020-03-07,-0.45
"2348",2020-03-08,0.5
"2349",2020-03-09,0.25
"2350",2020-03-11,0
"2351",2020-03-14,2.4
"2352",2020-03-15,0
"2353",2020-03-17,0
"2354",2020-03-18,0
"2355",2020-03-19,-0.25
"2356",2020-03-20,0.45
"2357",2020-03-21,0.05
"2358",2020-03-22,-0.3625
"2359",2020-03-24,-1
"2360",2020-03-25,0.294444444444444
"2361",2020-03-26,0
"2362",2020-03-27,0.6
"2363",2020-03-28,0
"2364",2020-03-29,-0.175
"2365",2020-03-31,1
"2366",2020-04-01,-0.183333333333333
"2367",2020-04-04,0
"2368",2020-04-05,0
"2369",2020-04-06,-1.05
"2370",2020-04-07,-1
"2371",2020-04-08,0.266666666666667
"2372",2020-04-09,-0.75
"2373",2020-04-10,1.325
"2374",2020-04-11,0
"2375",2020-04-12,2.475
"2376",2020-04-14,0.95
"2377",2020-04-15,-0.65
"2378",2020-04-17,0.425
"2379",2020-04-20,-1.66666666666667
"2380",2020-04-21,-0.6
"2381",2020-04-22,0
"2382",2020-04-25,0.1
"2383",2020-04-26,1
"2384",2020-04-27,0
"2385",2020-04-28,-0.44
"2386",2020-04-29,0.05
"2387",2020-04-30,-1.4
"2388",2020-05-01,-0.35
"2389",2020-05-02,-0.125
"2390",2020-05-03,-1.5
"2391",2020-05-04,0
"2392",2020-05-05,-0.95
"2393",2020-05-06,0.65
"2394",2020-05-08,-0.35
"2395",2020-05-09,2.2
"2396",2020-05-11,0.0875
"2397",2020-05-12,-0.25
"2398",2020-05-13,0.666666666666667
"2399",2020-05-14,-0.125
"2400",2020-05-16,0.4
"2401",2020-05-17,1.325
"2402",2020-05-18,0.75
"2403",2020-05-20,0
"2404",2020-05-22,1.425
"2405",2020-05-23,1
"2406",2020-05-24,0.3
"2407",2020-05-25,0
"2408",2020-05-26,-1.75
"2409",2020-05-27,0.25
"2410",2020-05-28,0.366666666666667
"2411",2020-05-29,0.933333333333333
"2412",2020-05-30,-0.4125
"2413",2020-05-31,0
"2414",2020-06-01,0.5
"2415",2020-06-02,0.616666666666667
"2416",2020-06-03,0.8
"2417",2020-06-05,2.75
"2418",2020-06-06,0
"2419",2020-06-07,0.75
"2420",2020-06-08,1.35
"2421",2020-06-11,-0.75
"2422",2020-06-13,-0.75
"2423",2020-06-14,-0.0833333333333333
"2424",2020-06-16,-0.95
"2425",2020-06-17,0.3
"2426",2020-06-18,-0.375
"2427",2020-06-21,1.08333333333333
"2428",2020-06-22,1.65
"2429",2020-06-23,0.866666666666667
"2430",2020-06-26,0.3
"2431",2020-06-27,0.625
"2432",2020-06-28,0
"2433",2020-06-29,-0.17
"2434",2020-06-30,3.95
"2435",2020-07-01,0.675
"2436",2020-07-02,-0.3
"2437",2020-07-03,0.25
"2438",2020-07-04,0.816666666666667
"2439",2020-07-05,1.3
"2440",2020-07-06,0
"2441",2020-07-09,0.55625
"2442",2020-07-10,0
"2443",2020-07-11,-0.25
"2444",2020-07-12,0.75
"2445",2020-07-13,0
"2446",2020-07-14,0.266666666666667
"2447",2020-07-15,-1.08333333333333
"2448",2020-07-16,1.025
"2449",2020-07-17,0
"2450",2020-07-19,-0.05
"2451",2020-07-20,0.75
"2452",2020-07-21,0.516666666666667
"2453",2020-07-23,0.375
"2454",2020-07-24,-0.375
"2455",2020-07-25,0.8375
"2456",2020-07-26,0.1875
"2457",2020-07-27,1.5
"2458",2020-07-28,0.3875
"2459",2020-07-29,-0.525
"2460",2020-07-31,0.2
"2461",2020-08-02,-0.183333333333333
"2462",2020-08-04,0.43
"2463",2020-08-05,1.55
"2464",2020-08-06,0.6
"2465",2020-08-07,0.15
"2466",2020-08-08,-0.3
"2467",2020-08-09,0
"2468",2020-08-11,-0.25
"2469",2020-08-12,-2
"2470",2020-08-13,0
"2471",2020-08-14,1.5
"2472",2020-08-15,0.25
"2473",2020-08-16,1.65
"2474",2020-08-17,1.3
"2475",2020-08-20,0.375
"2476",2020-08-21,2.9
"2477",2020-08-22,0.1
"2478",2020-08-23,0.733333333333333
"2479",2020-08-24,0
"2480",2020-08-25,0
"2481",2020-08-29,0
"2482",2020-08-30,-0.125
"2483",2020-08-31,0
"2484",2020-09-01,0.416666666666667
"2485",2020-09-04,-0.1625
"2486",2020-09-05,1.55
"2487",2020-09-06,0.375
"2488",2020-09-08,2.3
"2489",2020-09-09,2.9
"2490",2020-09-10,0
"2491",2020-09-12,1.15
"2492",2020-09-13,0
"2493",2020-09-15,-0.375
"2494",2020-09-16,0
"2495",2020-09-18,0
"2496",2020-09-19,0.25
"2497",2020-09-20,0.3125
"2498",2020-09-21,1.5
"2499",2020-09-22,0.5375
"2500",2020-09-23,-0.25
"2501",2020-09-24,0.15
"2502",2020-09-26,0.2
"2503",2020-09-27,0.283333333333333
"2504",2020-09-28,0
"2505",2020-09-29,-0.5
"2506",2020-10-01,0.425
"2507",2020-10-02,1.45
"2508",2020-10-03,0.5
"2509",2020-10-07,0.125
"2510",2020-10-09,-0.25
"2511",2020-10-11,0.9
"2512",2020-10-12,2.9
"2513",2020-10-13,1.5
"2514",2020-10-15,1.175
"2515",2020-10-17,-1.35
"2516",2020-10-18,-1
"2517",2020-10-20,0.1
"2518",2020-10-22,0
"2519",2020-10-23,0.5
"2520",2020-10-25,0.28125
"2521",2020-10-26,0.55
"2522",2020-10-27,0.225
"2523",2020-10-28,0
"2524",2020-10-29,1.35
"2525",2020-10-31,3.6
"2526",2020-11-01,0.8
"2527",2020-11-02,0.883333333333333
"2528",2020-11-04,-0.25
"2529",2020-11-05,0.25
"2530",2020-11-09,0.5
"2531",2020-11-13,0
"2532",2020-11-14,0.766666666666667
"2533",2020-11-15,-0.1
"2534",2020-11-16,0
"2535",2020-11-17,1.55
"2536",2020-11-18,1.25
"2537",2020-11-21,2.55
"2538",2020-11-22,0
"2539",2020-11-23,0
"2540",2020-11-24,0
"2541",2020-11-25,3.8
"2542",2020-11-27,0.516666666666667
"2543",2020-11-28,0
"2544",2020-11-30,0
"2545",2020-12-02,1.1
"2546",2020-12-03,0.8
"2547",2020-12-04,-0.25
"2548",2020-12-05,0.15
"2549",2020-12-06,0.175
"2550",2020-12-07,0.5
"2551",2020-12-09,-1.1
"2552",2020-12-10,0.85
"2553",2020-12-11,0.0833333333333333
"2554",2020-12-12,0
"2555",2020-12-13,-0.65
"2556",2020-12-14,0.833333333333333
"2557",2020-12-16,0.875
"2558",2020-12-17,0
"2559",2020-12-18,1
"2560",2020-12-20,0.4
"2561",2020-12-21,0.7
"2562",2020-12-23,-0.125
"2563",2020-12-24,-0.266666666666667
"2564",2020-12-27,0.1
"2565",2020-12-28,-0.4
"2566",2020-12-30,0.9
"2567",2021-01-01,1.55
"2568",2021-01-02,0.283333333333333
"2569",2021-01-03,0
"2570",2021-01-04,2.4
"2571",2021-01-05,0.8
"2572",2021-01-08,0.575
"2573",2021-01-09,-0.5
"2574",2021-01-10,0.5
"2575",2021-01-11,0.75
"2576",2021-01-12,-0.35
"2577",2021-01-13,-0.75
"2578",2021-01-14,-0.264285714285714
"2579",2021-01-15,-0.165384615384615
"2580",2021-01-16,-0.25
"2581",2021-01-17,-0.5
"2582",2021-01-20,0
"2583",2021-01-22,0.3
"2584",2021-01-23,0.125
"2585",2021-01-24,1.71666666666667
"2586",2021-01-25,-0.15
"2587",2021-01-26,0
"2588",2021-01-27,-0.4
"2589",2021-01-28,-0.225
"2590",2021-01-29,-0.166666666666667
"2591",2021-01-30,-0.142857142857143
"2592",2021-01-31,0.375
"2593",2021-02-01,0.5
"2594",2021-02-02,0
"2595",2021-02-03,0
"2596",2021-02-05,0.55
"2597",2021-02-06,-1.4
"2598",2021-02-07,0.425
"2599",2021-02-08,1.825
"2600",2021-02-09,0.25
"2601",2021-02-10,0.65
"2602",2021-02-12,0.216666666666667
"2603",2021-02-13,-0.1
"2604",2021-02-14,0.891666666666667
"2605",2021-02-15,-0.5
"2606",2021-02-18,0
"2607",2021-02-20,0.75
"2608",2021-02-21,1
"2609",2021-02-23,-1
"2610",2021-02-25,0.5
"2611",2021-02-27,0.8
"2612",2021-02-28,0.625
"2613",2021-03-01,1.15
"2614",2021-03-02,-0.15
"2615",2021-03-03,0.3
"2616",2021-03-04,0
"2617",2021-03-05,0.25
"2618",2021-03-07,0.366666666666667
"2619",2021-03-08,0.925
"2620",2021-03-12,1.8
"2621",2021-03-14,0.125
"2622",2021-03-15,-1.5
"2623",2021-03-17,0
"2624",2021-03-18,1.15
"2625",2021-03-22,0
"2626",2021-03-23,1.35
"2627",2021-03-25,0.0166666666666667
"2628",2021-03-26,0.75
"2629",2021-03-28,0.4
"2630",2021-04-01,2.25
"2631",2021-04-05,0.266666666666667
"2632",2021-04-07,0.75
"2633",2021-04-08,0.075
"2634",2021-04-10,1.075
"2635",2021-04-11,1.25
"2636",2021-04-12,-0.0166666666666666
"2637",2021-04-13,0
"2638",2021-04-15,0
"2639",2021-04-17,1.85
"2640",2021-04-18,0.125
"2641",2021-04-19,0.3125
"2642",2021-04-20,0.783333333333333
"2643",2021-04-21,2.575
"2644",2021-04-22,1.38333333333333
"2645",2021-04-23,-0.775
"2646",2021-04-24,0.9
"2647",2021-04-25,1.35
"2648",2021-04-26,0.4
"2649",2021-04-27,0.75
"2650",2021-04-28,-0.0833333333333333
"2651",2021-04-30,0.3
"2652",2021-05-01,0.56
"2653",2021-05-02,0.35
"2654",2021-05-03,0
"2655",2021-05-04,-0.4
"2656",2021-05-05,-0.125
"2657",2021-05-06,0.125
"2658",2021-05-07,0
"2659",2021-05-10,0.983333333333333
"2660",2021-05-11,0
"2661",2021-05-12,0
"2662",2021-05-16,0.133333333333333
"2663",2021-05-17,0.75
"2664",2021-05-19,1.4
"2665",2021-05-20,0.883333333333333
"2666",2021-05-23,0.625
"2667",2021-05-24,0
"2668",2021-05-26,0.6
"2669",2021-05-27,0
"2670",2021-05-30,0.75
"2671",2021-05-31,-0.125
"2672",2021-06-01,0.375
"2673",2021-06-02,0.75
"2674",2021-06-03,0.754166666666667
"2675",2021-06-04,0.756666666666667
"2676",2021-06-05,1.10555555555556
"2677",2021-06-06,0.675
"2678",2021-06-07,0.757142857142857
"2679",2021-06-08,0.25
"2680",2021-06-09,0.58
"2681",2021-06-10,1.08
"2682",2021-06-11,0.34
"2683",2021-06-12,0.166666666666667
"2684",2021-06-13,0.95
"2685",2021-06-14,1
"2686",2021-06-15,0
"2687",2021-06-16,0.05
"2688",2021-06-17,0.933333333333333
"2689",2021-06-18,0.3
"2690",2021-06-19,1.16666666666667
"2691",2021-06-20,0.6
"2692",2021-06-21,1.075
"2693",2021-06-22,0
"2694",2021-06-23,0.425
"2695",2021-06-24,-1
"2696",2021-06-25,0.725
"2697",2021-06-27,0.34
"2698",2021-06-28,0.35
"2699",2021-06-30,0.933333333333333
"2700",2021-07-01,0.466666666666667
"2701",2021-07-02,0.75
"2702",2021-07-03,1.525
"2703",2021-07-04,-0.125
"2704",2021-07-05,0.357142857142857
"2705",2021-07-06,0.216666666666667
"2706",2021-07-07,0.125
"2707",2021-07-08,-0.2375
"2708",2021-07-09,0.3
"2709",2021-07-10,-0.125
"2710",2021-07-12,0.2
"2711",2021-07-13,-0.7625
"2712",2021-07-14,1.025
"2713",2021-07-15,0.94
"2714",2021-07-17,1.475
"2715",2021-07-18,-0.3
"2716",2021-07-19,0.3125
"2717",2021-07-20,0.3
"2718",2021-07-21,1.38333333333333
"2719",2021-07-22,0.966666666666667
"2720",2021-07-23,0.488888888888889
"2721",2021-07-24,-0.175
"2722",2021-07-25,0.7875
"2723",2021-07-26,-0.425
"2724",2021-07-27,-0.0875
"2725",2021-07-28,0
"2726",2021-07-30,1
"2727",2021-07-31,0.35
"2728",2021-08-01,0
"2729",2021-08-02,1.09
"2730",2021-08-03,1
"2731",2021-08-04,0.714285714285714
"2732",2021-08-05,0.15
"2733",2021-08-06,0.333333333333333
"2734",2021-08-07,0
"2735",2021-08-08,2.15
"2736",2021-08-09,1.025
"2737",2021-08-10,0.75
"2738",2021-08-11,1.04
"2739",2021-08-12,0.866666666666667
"2740",2021-08-13,0.26
"2741",2021-08-14,0.35
"2742",2021-08-15,1
"2743",2021-08-16,-0.6
"2744",2021-08-17,0.625
"2745",2021-08-18,-0.13
"2746",2021-08-19,-1
"2747",2021-08-20,0.95
"2748",2021-08-21,1
"2749",2021-08-22,0.6
"2750",2021-08-23,0.483333333333333
"2751",2021-08-24,0.433333333333333
"2752",2021-08-25,-1
"2753",2021-08-26,0.25
"2754",2021-08-27,-0.5625
"2755",2021-08-28,0.5
"2756",2021-08-31,0.35
